Quote,Author
The only way to do great work is to love what you do.~Steve Jobs
Believe you can and you're halfway there.~Theodore Roosevelt
Success is not final, failure is not fatal: It is the courage to continue that counts.~Winston Churchill
The future belongs to those who believe in the beauty of their dreams.~Eleanor Roosevelt
You are never too old to set another goal or to dream a new dream.~C.S. Lewis
Success is not how high you have climbed, but how you make a positive difference to the world.~Roy T. Bennett
The only limit to our realization of tomorrow will be our doubts of today.~Franklin D. Roosevelt
The only person you are destined to become is the person you decide to be.~Ralph Waldo Emerson
The secret of getting ahead is getting started.~Mark Twain
Don't watch the clock; do what it does. Keep going.~Sam Levenson
You don't have to be great to start, but you have to start to be great.~Zig Ziglar
The only place where success comes before work is in the dictionary.~Vidal Sassoon
The best way to predict the future is to create it.~Abraham Lincoln
Success is walking from failure to failure with no loss of enthusiasm.~Winston Churchill
Opportunities don't happen, you create them.~Chris Grosser
Strive not to be a success, but rather to be of value.~Albert Einstein
Hardships often prepare ordinary people for an extraordinary destiny.~C.S. Lewis
The way to get started is to quit talking and begin doing.~Walt Disney
It does not matter how slowly you go as long as you do not stop.~Confucius
If you want to achieve greatness, stop asking for permission.~Anonymous
The only thing standing between you and your goal is the story you keep telling yourself as to why you can't achieve it.~Jordan Belfort
Success is not just about making money. It's about making a difference.~Anonymous
I can't change the direction of the wind, but I can adjust my sails to always reach my destination.~Jimmy Dean
Your limitation—it's only your imagination.~Anonymous
You are never too old to set another goal or to dream a new dream.~C.S. Lewis
The harder you work for something, the greater you'll feel when you achieve it.~Anonymous
It's not about how bad you want it. It's about how hard you're willing to work for it.~Anonymous
Believe you can and you're halfway there.~Theodore Roosevelt
The only way to do great work is to love what you do.~Steve Jobs
Don't stop when you're tired. Stop when you're done.~Anonymous
Dream it. Wish it. Do it.~Anonymous
Wake up with determination. Go to bed with satisfaction.~Anonymous
Success is not the key to happiness. Happiness is the key to success. If you love what you are doing, you will be successful.~Albert Schweitzer
The only limit to our realization of tomorrow will be our doubts of today.~Franklin D. Roosevelt
Success doesn't just find you. You have to go out and get it.~Anonymous
The only person you are destined to become is the person you decide to be.~Ralph Waldo Emerson
Don't watch the clock; do what it does. Keep going.~Sam Levenson
Everything you can imagine is real.~Pablo Picasso
Do what you can with all you have, wherever you are.~Theodore Roosevelt
Don't be pushed around by the fears in your mind. Be led by the dreams in your heart.~Roy T. Bennett
Do what you love, and don't stop until you get what you love. Work as hard as you can, imagine immensities.~Debbie Millman
What you get by achieving your goals is not as important as what you become by achieving your goals.~Zig Ziglar
The road to success and the road to failure are almost exactly the same.~Colin R. Davis
Believe you can and you're halfway there.~Theodore Roosevelt
The only way to do great work is to love what you do.~Steve Jobs
Success is not final, failure is not fatal: It is the courage to continue that counts.~Winston Churchill
The future belongs to those who believe in the beauty of their dreams.~Eleanor Roosevelt
You are never too old to set another goal or to dream a new dream.~C.S. Lewis
Success is not how high you have climbed, but how you make a positive difference to the world.~Roy T. Bennett
The only limit to our realization of tomorrow will be our doubts of today.~Franklin D. Roosevelt
The only person you are destined to become is the person you decide to be.~Ralph Waldo Emerson
The secret of getting ahead is getting started.~Mark Twain
Don't watch the clock; do what it does. Keep going.~Sam Levenson
You don't have to be great to start, but you have to start to be great.~Zig Ziglar
The only place where success comes before work is in the dictionary.~Vidal Sassoon
The best way to predict the future is to create it.~Abraham Lincoln
Success is walking from failure to failure with no loss of enthusiasm.~Winston Churchill
Opportunities don't happen, you create them.~Chris Grosser
Strive not to be a success, but rather to be of value.~Albert Einstein
Hardships often prepare ordinary people for an extraordinary destiny.~C.S. Lewis
The way to get started is to quit talking and begin doing.~Walt Disney
It does not matter how slowly you go as long as you do not stop.~Confucius
If you want to achieve greatness, stop asking for permission.~Anonymous
The only thing standing between you and your goal is the story you keep telling yourself as to why you can't achieve it.~Jordan Belfort
Success is not just about making money. It's about making a difference.~Anonymous
I can't change the direction of the wind, but I can adjust my sails to always reach my destination.~Jimmy Dean
Your limitation—it's only your imagination.~Anonymous
You are never too old to set another goal or to dream a new dream.~C.S. Lewis
The harder you work for something, the greater you'll feel when you achieve it.~Anonymous
It's not about how bad you want it. It's about how hard you're willing to work for it.~Anonymous
Believe you can and you're halfway there.~Theodore Roosevelt
The only way to do great work is to love what you do.~Steve Jobs
Don't stop when you're tired. Stop when you're done.~Anonymous
Dream it. Wish it. Do it.~Anonymous
Wake up with determination. Go to bed with satisfaction.~Anonymous
Success is not the key to happiness. Happiness is the key to success. If you love what you are doing, you will be successful.~Albert Schweitzer
The only limit to our realization of tomorrow will be our doubts of today.~Franklin D. Roosevelt
Success doesn't just find you. You have to go out and get it.~Anonymous
The only person you are destined to become is the person you decide to be.~Ralph Waldo Emerson
Don't watch the clock; do what it does. Keep going.~Sam Levenson
Everything you can imagine is real.~Pablo Picasso
Do what you can with all you have, wherever you are.~Theodore Roosevelt
Don't be pushed around by the fears in your mind. Be led by the dreams in your heart.~Roy T. Bennett
Do what you love, and don't stop until you get what you love. Work as hard as you can, imagine immensities.~Debbie Millman
What you get by achieving your goals is not as important as what you become by achieving your goals.~Zig Ziglar
The road to success and the road to failure are almost exactly the same.~Colin R. Davis